"Feature,Description"
"Game Creation,""Craft your own games with easy-to-use game-building tools."""
"Community,""Share your creations and explore games made by others."""
"Multiplayer,""Play and interact with friends and gamers worldwide."""
"Customization,""Tailor your gaming experience with skins, mods, and more."""
"Getting Started,""1. Installation: Clone the repository or download the latest release [here](https://github.com/YourGameCraftRepo)."
2. Setup: Follow our [Installation Guide](docs/installation.md) to set up GameCraft.
3. Create: Use our [Developer Documentation](docs/development.md) to start building your own games.
"4. Play: Join the GameCraft community, explore, and enjoy!"""
"Contribute,""We welcome contributions from developers, designers, and gamers."
"Check out our [Contribution Guidelines](CONTRIBUTING.md) to get started."""
"License,""GameCraft is licensed under the [MIT License](LICENSE). Feel free to use, modify, and share it."""
